feature,importance
recency,0.5408365103871318
customer_lifetime_days,0.19137941119146995
purchase_conversion_rate,0.04231807808341581
total_purchases,0.04178016142648744
avg_order_value,0.03330288930855048
total_browses,0.03208213951827613
frequency,0.030125860031077055
total_spent,0.028194644043538514
total_page_views,0.020848049649452492
avg_page_views,0.014319671369694607
monetary,0.012654922472550198
income,0.0066152272482991594
age,0.005542435270056273
